auc,eer,eer_threshold,accuracy,precision,recall,f1,d_prime,decidability,mu_genuine,mu_impostor,sigma_genuine,sigma_impostor,fpr,tpr,thresholds,genuine_vals,impostor_vals,far_0.001_effective,frr_at_far_0.001,gar_at_far_0.001,threshold_at_far_0.001,far_0.01_effective,frr_at_far_0.01,gar_at_far_0.01,threshold_at_far_0.01
0.8745611797024271,0.19529085872576174,0.5908768773078918,0.8047091412742382,0.805131761442441,0.804016620498615,0.8045738045738046,1.6843899201924888,1.6843899201924888,0.30980609019397864,0.6471494461559378,0.1780986862590329,0.22023178412886846,"[0.00000000e+00 0.00000000e+00 0.00000000e+00 6.92520776e-04
 6.92520776e-04 1.38504155e-03 1.38504155e-03 2.07756233e-03
 2.07756233e-03 2.77008310e-03 2.77008310e-03 3.46260388e-03
 3.46260388e-03 4.15512465e-03 4.15512465e-03 4.84764543e-03
 4.84764543e-03 5.54016620e-03 5.54016620e-03 6.23268698e-03
 6.23268698e-03 6.92520776e-03 6.92520776e-03 7.61772853e-03
 7.61772853e-03 8.31024931e-03 8.31024931e-03 9.00277008e-03
 9.00277008e-03 1.03878116e-02 1.03878116e-02 1.10803324e-02
 1.10803324e-02 1.24653740e-02 1.24653740e-02 1.31578947e-02
 1.31578947e-02 1.38504155e-02 1.38504155e-02 1.45429363e-02
 1.45429363e-02 1.52354571e-02 1.52354571e-02 1.59279778e-02
 1.59279778e-02 1.66204986e-02 1.66204986e-02 1.73130194e-02
 1.73130194e-02 1.80055402e-02 1.80055402e-02 1.86980609e-02
 1.86980609e-02 1.93905817e-02 1.93905817e-02 2.00831025e-02
 2.00831025e-02 2.14681440e-02 2.14681440e-02 2.28531856e-02
 2.28531856e-02 2.42382271e-02 2.42382271e-02 2.49307479e-02
 2.49307479e-02 2.56232687e-02 2.56232687e-02 2.63157895e-02
 2.63157895e-02 2.70083102e-02 2.70083102e-02 2.77008310e-02
 2.77008310e-02 2.83933518e-02 2.83933518e-02 2.90858726e-02
 2.90858726e-02 2.97783934e-02 2.97783934e-02 3.11634349e-02
 3.11634349e-02 3.18559557e-02 3.18559557e-02 3.25484765e-02
 3.25484765e-02 3.32409972e-02 3.32409972e-02 3.39335180e-02
 3.39335180e-02 3.46260388e-02 3.46260388e-02 3.60110803e-02
 3.60110803e-02 3.73961219e-02 3.73961219e-02 3.80886427e-02
 3.80886427e-02 3.87811634e-02 3.87811634e-02 3.94736842e-02
 3.94736842e-02 4.01662050e-02 4.01662050e-02 4.22437673e-02
 4.22437673e-02 4.29362881e-02 4.29362881e-02 4.36288089e-02
 4.36288089e-02 4.43213296e-02 4.43213296e-02 4.50138504e-02
 4.50138504e-02 4.57063712e-02 4.57063712e-02 4.63988920e-02
 4.63988920e-02 4.70914127e-02 4.70914127e-02 4.77839335e-02
 4.77839335e-02 4.84764543e-02 4.84764543e-02 4.91689751e-02
 4.91689751e-02 4.98614958e-02 4.98614958e-02 5.05540166e-02
 5.05540166e-02 5.12465374e-02 5.12465374e-02 5.19390582e-02
 5.19390582e-02 5.26315789e-02 5.26315789e-02 5.33240997e-02
 5.33240997e-02 5.40166205e-02 5.40166205e-02 5.47091413e-02
 5.47091413e-02 5.54016620e-02 5.54016620e-02 5.60941828e-02
 5.60941828e-02 5.67867036e-02 5.67867036e-02 5.81717452e-02
 5.81717452e-02 5.88642659e-02 5.88642659e-02 5.95567867e-02
 5.95567867e-02 6.02493075e-02 6.02493075e-02 6.09418283e-02
 6.09418283e-02 6.16343490e-02 6.16343490e-02 6.23268698e-02
 6.23268698e-02 6.30193906e-02 6.30193906e-02 6.37119114e-02
 6.37119114e-02 6.44044321e-02 6.44044321e-02 6.50969529e-02
 6.50969529e-02 6.57894737e-02 6.57894737e-02 6.64819945e-02
 6.64819945e-02 6.85595568e-02 6.85595568e-02 6.92520776e-02
 6.92520776e-02 6.99445983e-02 6.99445983e-02 7.20221607e-02
 7.20221607e-02 7.34072022e-02 7.34072022e-02 7.47922438e-02
 7.47922438e-02 7.54847645e-02 7.54847645e-02 7.61772853e-02
 7.61772853e-02 7.68698061e-02 7.68698061e-02 7.75623269e-02
 7.75623269e-02 7.89473684e-02 7.89473684e-02 7.96398892e-02
 7.96398892e-02 8.03324100e-02 8.03324100e-02 8.10249307e-02
 8.10249307e-02 8.17174515e-02 8.17174515e-02 8.24099723e-02
 8.24099723e-02 8.31024931e-02 8.31024931e-02 8.51800554e-02
 8.51800554e-02 8.58725762e-02 8.58725762e-02 8.72576177e-02
 8.72576177e-02 8.79501385e-02 8.79501385e-02 8.86426593e-02
 8.86426593e-02 9.00277008e-02 9.00277008e-02 9.21052632e-02
 9.21052632e-02 9.27977839e-02 9.27977839e-02 9.34903047e-02
 9.34903047e-02 9.41828255e-02 9.41828255e-02 9.48753463e-02
 9.48753463e-02 9.55678670e-02 9.55678670e-02 9.62603878e-02
 9.62603878e-02 9.69529086e-02 9.69529086e-02 9.76454294e-02
 9.76454294e-02 9.83379501e-02 9.83379501e-02 9.90304709e-02
 9.90304709e-02 9.97229917e-02 9.97229917e-02 1.00415512e-01
 1.00415512e-01 1.01108033e-01 1.01108033e-01 1.01800554e-01
 1.01800554e-01 1.02493075e-01 1.02493075e-01 1.03878116e-01
 1.03878116e-01 1.04570637e-01 1.04570637e-01 1.05955679e-01
 1.05955679e-01 1.06648199e-01 1.06648199e-01 1.08033241e-01
 1.08033241e-01 1.08725762e-01 1.08725762e-01 1.09418283e-01
 1.09418283e-01 1.10110803e-01 1.10110803e-01 1.11495845e-01
 1.11495845e-01 1.12188366e-01 1.12188366e-01 1.12880886e-01
 1.12880886e-01 1.13573407e-01 1.13573407e-01 1.14265928e-01
 1.14265928e-01 1.15650970e-01 1.15650970e-01 1.17036011e-01
 1.17036011e-01 1.17728532e-01 1.17728532e-01 1.18421053e-01
 1.18421053e-01 1.19113573e-01 1.19113573e-01 1.19806094e-01
 1.19806094e-01 1.20498615e-01 1.20498615e-01 1.21191136e-01
 1.21191136e-01 1.21883657e-01 1.21883657e-01 1.23961219e-01
 1.23961219e-01 1.24653740e-01 1.24653740e-01 1.25346260e-01
 1.25346260e-01 1.26038781e-01 1.26038781e-01 1.27423823e-01
 1.27423823e-01 1.28808864e-01 1.28808864e-01 1.30886427e-01
 1.30886427e-01 1.31578947e-01 1.31578947e-01 1.32271468e-01
 1.32271468e-01 1.32963989e-01 1.32963989e-01 1.34349030e-01
 1.34349030e-01 1.35041551e-01 1.35041551e-01 1.35734072e-01
 1.35734072e-01 1.37811634e-01 1.37811634e-01 1.38504155e-01
 1.38504155e-01 1.39196676e-01 1.39196676e-01 1.39889197e-01
 1.39889197e-01 1.40581717e-01 1.40581717e-01 1.44044321e-01
 1.44044321e-01 1.44736842e-01 1.44736842e-01 1.48199446e-01
 1.48199446e-01 1.48891967e-01 1.48891967e-01 1.50277008e-01
 1.50277008e-01 1.50969529e-01 1.50969529e-01 1.51662050e-01
 1.51662050e-01 1.53739612e-01 1.53739612e-01 1.55124654e-01
 1.55124654e-01 1.56509695e-01 1.56509695e-01 1.57202216e-01
 1.57202216e-01 1.59279778e-01 1.59279778e-01 1.60664820e-01
 1.60664820e-01 1.61357341e-01 1.61357341e-01 1.64127424e-01
 1.64127424e-01 1.64819945e-01 1.64819945e-01 1.66204986e-01
 1.66204986e-01 1.66897507e-01 1.66897507e-01 1.70360111e-01
 1.70360111e-01 1.71052632e-01 1.71052632e-01 1.72437673e-01
 1.72437673e-01 1.73130194e-01 1.73130194e-01 1.73822715e-01
 1.73822715e-01 1.74515235e-01 1.74515235e-01 1.75207756e-01
 1.75207756e-01 1.75900277e-01 1.75900277e-01 1.77285319e-01
 1.77285319e-01 1.77977839e-01 1.77977839e-01 1.78670360e-01
 1.78670360e-01 1.79362881e-01 1.79362881e-01 1.80747922e-01
 1.80747922e-01 1.85595568e-01 1.85595568e-01 1.86980609e-01
 1.86980609e-01 1.87673130e-01 1.87673130e-01 1.88365651e-01
 1.88365651e-01 1.90443213e-01 1.90443213e-01 1.91828255e-01
 1.91828255e-01 1.93905817e-01 1.93905817e-01 1.94598338e-01
 1.94598338e-01 1.96675900e-01 1.96675900e-01 1.98753463e-01
 1.98753463e-01 2.00138504e-01 2.00138504e-01 2.00831025e-01
 2.00831025e-01 2.03601108e-01 2.03601108e-01 2.04986150e-01
 2.04986150e-01 2.07063712e-01 2.07063712e-01 2.09141274e-01
 2.09141274e-01 2.10526316e-01 2.10526316e-01 2.11218837e-01
 2.11218837e-01 2.11911357e-01 2.11911357e-01 2.13988920e-01
 2.13988920e-01 2.16066482e-01 2.16066482e-01 2.16759003e-01
 2.16759003e-01 2.18144044e-01 2.18144044e-01 2.19529086e-01
 2.19529086e-01 2.20221607e-01 2.20221607e-01 2.22299169e-01
 2.22299169e-01 2.25069252e-01 2.25069252e-01 2.29916898e-01
 2.29916898e-01 2.32686981e-01 2.32686981e-01 2.33379501e-01
 2.33379501e-01 2.37534626e-01 2.37534626e-01 2.38227147e-01
 2.38227147e-01 2.38919668e-01 2.38919668e-01 2.40997230e-01
 2.40997230e-01 2.43074792e-01 2.43074792e-01 2.45844875e-01
 2.45844875e-01 2.46537396e-01 2.46537396e-01 2.47229917e-01
 2.47229917e-01 2.49307479e-01 2.49307479e-01 2.50000000e-01
 2.50000000e-01 2.52077562e-01 2.52077562e-01 2.52770083e-01
 2.52770083e-01 2.54847645e-01 2.54847645e-01 2.55540166e-01
 2.55540166e-01 2.56925208e-01 2.56925208e-01 2.57617729e-01
 2.57617729e-01 2.58310249e-01 2.58310249e-01 2.59002770e-01
 2.59002770e-01 2.60387812e-01 2.60387812e-01 2.63157895e-01
 2.63157895e-01 2.65235457e-01 2.65235457e-01 2.69390582e-01
 2.69390582e-01 2.70083102e-01 2.70083102e-01 2.73545706e-01
 2.73545706e-01 2.74238227e-01 2.74238227e-01 2.81163435e-01
 2.81163435e-01 2.83933518e-01 2.83933518e-01 2.85318560e-01
 2.85318560e-01 2.86011080e-01 2.86011080e-01 2.86703601e-01
 2.86703601e-01 2.88088643e-01 2.88088643e-01 2.91551247e-01
 2.91551247e-01 2.92243767e-01 2.92243767e-01 2.93628809e-01
 2.93628809e-01 2.94321330e-01 2.94321330e-01 2.95706371e-01
 2.95706371e-01 2.99168975e-01 2.99168975e-01 3.03324100e-01
 3.03324100e-01 3.06094183e-01 3.06094183e-01 3.08171745e-01
 3.08171745e-01 3.08864266e-01 3.08864266e-01 3.12326870e-01
 3.12326870e-01 3.13711911e-01 3.13711911e-01 3.14404432e-01
 3.14404432e-01 3.17867036e-01 3.17867036e-01 3.19252078e-01
 3.19252078e-01 3.20637119e-01 3.20637119e-01 3.21329640e-01
 3.21329640e-01 3.22714681e-01 3.22714681e-01 3.25484765e-01
 3.25484765e-01 3.26177285e-01 3.26177285e-01 3.28947368e-01
 3.28947368e-01 3.29639889e-01 3.29639889e-01 3.30332410e-01
 3.30332410e-01 3.33102493e-01 3.33102493e-01 3.34487535e-01
 3.34487535e-01 3.35180055e-01 3.35180055e-01 3.37950139e-01
 3.37950139e-01 3.38642659e-01 3.38642659e-01 3.44875346e-01
 3.44875346e-01 3.45567867e-01 3.45567867e-01 3.47645429e-01
 3.47645429e-01 3.48337950e-01 3.48337950e-01 3.51108033e-01
 3.51108033e-01 3.51800554e-01 3.51800554e-01 3.52493075e-01
 3.52493075e-01 3.55955679e-01 3.55955679e-01 3.57340720e-01
 3.57340720e-01 3.59418283e-01 3.59418283e-01 3.67036011e-01
 3.67036011e-01 3.69806094e-01 3.69806094e-01 3.71191136e-01
 3.71191136e-01 3.72576177e-01 3.72576177e-01 3.73961219e-01
 3.73961219e-01 3.75346260e-01 3.75346260e-01 3.77423823e-01
 3.77423823e-01 3.82963989e-01 3.82963989e-01 3.85734072e-01
 3.85734072e-01 3.89196676e-01 3.89196676e-01 3.93351801e-01
 3.93351801e-01 3.94044321e-01 3.94044321e-01 3.96121884e-01
 3.96121884e-01 4.00277008e-01 4.00277008e-01 4.00969529e-01
 4.00969529e-01 4.05817175e-01 4.05817175e-01 4.12742382e-01
 4.12742382e-01 4.13434903e-01 4.13434903e-01 4.19667590e-01
 4.19667590e-01 4.20360111e-01 4.20360111e-01 4.25900277e-01
 4.25900277e-01 4.27285319e-01 4.27285319e-01 4.32132964e-01
 4.32132964e-01 4.36288089e-01 4.36288089e-01 4.37673130e-01
 4.37673130e-01 4.41828255e-01 4.41828255e-01 4.43213296e-01
 4.43213296e-01 4.47368421e-01 4.47368421e-01 4.53601108e-01
 4.53601108e-01 4.54293629e-01 4.54293629e-01 4.55678670e-01
 4.55678670e-01 4.59833795e-01 4.59833795e-01 4.62603878e-01
 4.62603878e-01 4.63988920e-01 4.63988920e-01 4.65373961e-01
 4.65373961e-01 4.66759003e-01 4.66759003e-01 4.74376731e-01
 4.74376731e-01 4.79224377e-01 4.79224377e-01 4.79916898e-01
 4.79916898e-01 4.82686981e-01 4.82686981e-01 4.87534626e-01
 4.87534626e-01 4.92382271e-01 4.92382271e-01 4.93074792e-01
 4.93074792e-01 4.96537396e-01 4.96537396e-01 4.97229917e-01
 4.97229917e-01 4.99307479e-01 4.99307479e-01 5.07617729e-01
 5.07617729e-01 5.08310249e-01 5.08310249e-01 5.09002770e-01
 5.09002770e-01 5.10387812e-01 5.10387812e-01 5.13850416e-01
 5.13850416e-01 5.17313019e-01 5.17313019e-01 5.20775623e-01
 5.20775623e-01 5.25623269e-01 5.25623269e-01 5.26315789e-01
 5.26315789e-01 5.37396122e-01 5.37396122e-01 5.39473684e-01
 5.39473684e-01 5.41551247e-01 5.41551247e-01 5.45013850e-01
 5.45013850e-01 5.46398892e-01 5.46398892e-01 5.61634349e-01
 5.61634349e-01 5.69252078e-01 5.69252078e-01 5.77562327e-01
 5.77562327e-01 5.79639889e-01 5.79639889e-01 5.92105263e-01
 5.92105263e-01 5.96952909e-01 5.96952909e-01 6.03185596e-01
 6.03185596e-01 6.13573407e-01 6.13573407e-01 6.17036011e-01
 6.17036011e-01 6.24653740e-01 6.24653740e-01 6.32963989e-01
 6.32963989e-01 6.40581717e-01 6.40581717e-01 6.46814404e-01
 6.46814404e-01 6.47506925e-01 6.47506925e-01 6.58587258e-01
 6.58587258e-01 6.68282548e-01 6.68282548e-01 6.77285319e-01
 6.77285319e-01 6.79362881e-01 6.79362881e-01 6.95983380e-01
 6.95983380e-01 7.00138504e-01 7.00138504e-01 7.02908587e-01
 7.02908587e-01 7.07756233e-01 7.07756233e-01 7.08448753e-01
 7.08448753e-01 7.13296399e-01 7.13296399e-01 7.15373961e-01
 7.15373961e-01 7.19529086e-01 7.19529086e-01 7.25761773e-01
 7.25761773e-01 7.31994460e-01 7.31994460e-01 7.43767313e-01
 7.43767313e-01 7.46537396e-01 7.46537396e-01 7.47229917e-01
 7.47229917e-01 7.49307479e-01 7.49307479e-01 7.55540166e-01
 7.55540166e-01 7.66620499e-01 7.66620499e-01 7.73545706e-01
 7.73545706e-01 7.88088643e-01 7.88088643e-01 7.90858726e-01
 7.90858726e-01 8.00554017e-01 8.00554017e-01 8.11634349e-01
 8.11634349e-01 8.23407202e-01 8.23407202e-01 8.26869806e-01
 8.26869806e-01 8.42105263e-01 8.42105263e-01 8.67728532e-01
 8.67728532e-01 8.69806094e-01 8.69806094e-01 8.76731302e-01
 8.76731302e-01 8.86426593e-01 8.86426593e-01 8.91274238e-01
 8.91274238e-01 8.98891967e-01 8.98891967e-01 9.06509695e-01
 9.06509695e-01 9.13434903e-01 9.13434903e-01 9.25207756e-01
 9.25207756e-01 9.26592798e-01 9.26592798e-01 9.33518006e-01
 9.33518006e-01 9.38365651e-01 9.38365651e-01 9.47368421e-01
 9.47368421e-01 9.55678670e-01 9.55678670e-01 1.00000000e+00]","[0.00000000e+00 6.92520776e-04 1.59279778e-02 1.59279778e-02
 3.04709141e-02 3.04709141e-02 4.63988920e-02 4.63988920e-02
 4.91689751e-02 4.91689751e-02 1.00415512e-01 1.00415512e-01
 1.28116343e-01 1.28116343e-01 1.41966759e-01 1.41966759e-01
 1.53047091e-01 1.53047091e-01 1.66204986e-01 1.66204986e-01
 1.68282548e-01 1.68282548e-01 1.89750693e-01 1.89750693e-01
 2.01523546e-01 2.01523546e-01 2.11911357e-01 2.11911357e-01
 2.13988920e-01 2.13988920e-01 2.22991690e-01 2.22991690e-01
 2.31301939e-01 2.31301939e-01 2.34764543e-01 2.34764543e-01
 2.40997230e-01 2.40997230e-01 2.42382271e-01 2.42382271e-01
 2.46537396e-01 2.46537396e-01 2.52770083e-01 2.52770083e-01
 2.54847645e-01 2.54847645e-01 2.68005540e-01 2.68005540e-01
 2.71468144e-01 2.71468144e-01 2.78393352e-01 2.78393352e-01
 2.79778393e-01 2.79778393e-01 2.87396122e-01 2.87396122e-01
 2.89473684e-01 2.89473684e-01 2.92243767e-01 2.92243767e-01
 3.13711911e-01 3.13711911e-01 3.17867036e-01 3.17867036e-01
 3.24792244e-01 3.24792244e-01 3.35872576e-01 3.35872576e-01
 3.49030471e-01 3.49030471e-01 3.58033241e-01 3.58033241e-01
 3.66343490e-01 3.66343490e-01 3.87811634e-01 3.87811634e-01
 3.90581717e-01 3.90581717e-01 3.91966759e-01 3.91966759e-01
 3.97506925e-01 3.97506925e-01 4.04432133e-01 4.04432133e-01
 4.05124654e-01 4.05124654e-01 4.13434903e-01 4.13434903e-01
 4.14819945e-01 4.14819945e-01 4.18975069e-01 4.18975069e-01
 4.24515235e-01 4.24515235e-01 4.27285319e-01 4.27285319e-01
 4.28670360e-01 4.28670360e-01 4.30055402e-01 4.30055402e-01
 4.32132964e-01 4.32132964e-01 4.32825485e-01 4.32825485e-01
 4.33518006e-01 4.33518006e-01 4.41828255e-01 4.41828255e-01
 4.45983380e-01 4.45983380e-01 4.47368421e-01 4.47368421e-01
 4.54293629e-01 4.54293629e-01 4.59141274e-01 4.59141274e-01
 4.61218837e-01 4.61218837e-01 4.62603878e-01 4.62603878e-01
 4.64681440e-01 4.64681440e-01 4.72991690e-01 4.72991690e-01
 4.83379501e-01 4.83379501e-01 4.98614958e-01 4.98614958e-01
 5.06925208e-01 5.06925208e-01 5.08310249e-01 5.08310249e-01
 5.09695291e-01 5.09695291e-01 5.15235457e-01 5.15235457e-01
 5.15927978e-01 5.15927978e-01 5.19390582e-01 5.19390582e-01
 5.20083102e-01 5.20083102e-01 5.24238227e-01 5.24238227e-01
 5.26315789e-01 5.26315789e-01 5.27008310e-01 5.27008310e-01
 5.27700831e-01 5.27700831e-01 5.33240997e-01 5.33240997e-01
 5.36011080e-01 5.36011080e-01 5.36703601e-01 5.36703601e-01
 5.42936288e-01 5.42936288e-01 5.47091413e-01 5.47091413e-01
 5.49168975e-01 5.49168975e-01 5.49861496e-01 5.49861496e-01
 5.50554017e-01 5.50554017e-01 5.51939058e-01 5.51939058e-01
 5.56786704e-01 5.56786704e-01 5.59556787e-01 5.59556787e-01
 5.61634349e-01 5.61634349e-01 5.67174515e-01 5.67174515e-01
 5.71329640e-01 5.71329640e-01 5.74099723e-01 5.74099723e-01
 5.75484765e-01 5.75484765e-01 5.79639889e-01 5.79639889e-01
 5.81024931e-01 5.81024931e-01 5.82409972e-01 5.82409972e-01
 5.84487535e-01 5.84487535e-01 5.87257618e-01 5.87257618e-01
 5.87950139e-01 5.87950139e-01 5.88642659e-01 5.88642659e-01
 5.94182825e-01 5.94182825e-01 6.01800554e-01 6.01800554e-01
 6.03185596e-01 6.03185596e-01 6.04570637e-01 6.04570637e-01
 6.05955679e-01 6.05955679e-01 6.09418283e-01 6.09418283e-01
 6.11495845e-01 6.11495845e-01 6.12188366e-01 6.12188366e-01
 6.13573407e-01 6.13573407e-01 6.17036011e-01 6.17036011e-01
 6.17728532e-01 6.17728532e-01 6.19113573e-01 6.19113573e-01
 6.19806094e-01 6.19806094e-01 6.21883657e-01 6.21883657e-01
 6.25346260e-01 6.25346260e-01 6.26731302e-01 6.26731302e-01
 6.28808864e-01 6.28808864e-01 6.30886427e-01 6.30886427e-01
 6.32963989e-01 6.32963989e-01 6.39196676e-01 6.39196676e-01
 6.42659280e-01 6.42659280e-01 6.51662050e-01 6.51662050e-01
 6.53047091e-01 6.53047091e-01 6.54432133e-01 6.54432133e-01
 6.56509695e-01 6.56509695e-01 6.57894737e-01 6.57894737e-01
 6.58587258e-01 6.58587258e-01 6.59279778e-01 6.59279778e-01
 6.62742382e-01 6.62742382e-01 6.63434903e-01 6.63434903e-01
 6.66204986e-01 6.66204986e-01 6.66897507e-01 6.66897507e-01
 6.72437673e-01 6.72437673e-01 6.73130194e-01 6.73130194e-01
 6.73822715e-01 6.73822715e-01 6.75207756e-01 6.75207756e-01
 6.86288089e-01 6.86288089e-01 6.86980609e-01 6.86980609e-01
 6.89058172e-01 6.89058172e-01 6.91135734e-01 6.91135734e-01
 6.91828255e-01 6.91828255e-01 6.95290859e-01 6.95290859e-01
 6.96675900e-01 6.96675900e-01 6.99445983e-01 6.99445983e-01
 7.00831025e-01 7.00831025e-01 7.03601108e-01 7.03601108e-01
 7.08448753e-01 7.08448753e-01 7.09833795e-01 7.09833795e-01
 7.10526316e-01 7.10526316e-01 7.11218837e-01 7.11218837e-01
 7.11911357e-01 7.11911357e-01 7.14681440e-01 7.14681440e-01
 7.15373961e-01 7.15373961e-01 7.16066482e-01 7.16066482e-01
 7.16759003e-01 7.16759003e-01 7.19529086e-01 7.19529086e-01
 7.20221607e-01 7.20221607e-01 7.20914127e-01 7.20914127e-01
 7.21606648e-01 7.21606648e-01 7.22991690e-01 7.22991690e-01
 7.25761773e-01 7.25761773e-01 7.26454294e-01 7.26454294e-01
 7.29224377e-01 7.29224377e-01 7.29916898e-01 7.29916898e-01
 7.34764543e-01 7.34764543e-01 7.36149584e-01 7.36149584e-01
 7.39612188e-01 7.39612188e-01 7.40997230e-01 7.40997230e-01
 7.43074792e-01 7.43074792e-01 7.45152355e-01 7.45152355e-01
 7.45844875e-01 7.45844875e-01 7.48614958e-01 7.48614958e-01
 7.50000000e-01 7.50000000e-01 7.50692521e-01 7.50692521e-01
 7.52077562e-01 7.52077562e-01 7.53462604e-01 7.53462604e-01
 7.54155125e-01 7.54155125e-01 7.56925208e-01 7.56925208e-01
 7.57617729e-01 7.57617729e-01 7.59695291e-01 7.59695291e-01
 7.61772853e-01 7.61772853e-01 7.62465374e-01 7.62465374e-01
 7.63157895e-01 7.63157895e-01 7.64542936e-01 7.64542936e-01
 7.65235457e-01 7.65235457e-01 7.65927978e-01 7.65927978e-01
 7.67313019e-01 7.67313019e-01 7.68005540e-01 7.68005540e-01
 7.70083102e-01 7.70083102e-01 7.72853186e-01 7.72853186e-01
 7.73545706e-01 7.73545706e-01 7.74238227e-01 7.74238227e-01
 7.77700831e-01 7.77700831e-01 7.80470914e-01 7.80470914e-01
 7.81163435e-01 7.81163435e-01 7.88781163e-01 7.88781163e-01
 7.94321330e-01 7.94321330e-01 7.95706371e-01 7.95706371e-01
 7.98476454e-01 7.98476454e-01 7.99168975e-01 7.99168975e-01
 7.99861496e-01 7.99861496e-01 8.00554017e-01 8.00554017e-01
 8.01246537e-01 8.01246537e-01 8.01939058e-01 8.01939058e-01
 8.02631579e-01 8.02631579e-01 8.04016620e-01 8.04016620e-01
 8.06786704e-01 8.06786704e-01 8.07479224e-01 8.07479224e-01
 8.09556787e-01 8.09556787e-01 8.10941828e-01 8.10941828e-01
 8.11634349e-01 8.11634349e-01 8.12326870e-01 8.12326870e-01
 8.13019391e-01 8.13019391e-01 8.13711911e-01 8.13711911e-01
 8.14404432e-01 8.14404432e-01 8.15789474e-01 8.15789474e-01
 8.16481994e-01 8.16481994e-01 8.19252078e-01 8.19252078e-01
 8.22714681e-01 8.22714681e-01 8.23407202e-01 8.23407202e-01
 8.24099723e-01 8.24099723e-01 8.26869806e-01 8.26869806e-01
 8.27562327e-01 8.27562327e-01 8.28254848e-01 8.28254848e-01
 8.28947368e-01 8.28947368e-01 8.31717452e-01 8.31717452e-01
 8.32409972e-01 8.32409972e-01 8.33102493e-01 8.33102493e-01
 8.34487535e-01 8.34487535e-01 8.35872576e-01 8.35872576e-01
 8.37257618e-01 8.37257618e-01 8.37950139e-01 8.37950139e-01
 8.38642659e-01 8.38642659e-01 8.39335180e-01 8.39335180e-01
 8.40027701e-01 8.40027701e-01 8.42105263e-01 8.42105263e-01
 8.42797784e-01 8.42797784e-01 8.44182825e-01 8.44182825e-01
 8.44875346e-01 8.44875346e-01 8.45567867e-01 8.45567867e-01
 8.46952909e-01 8.46952909e-01 8.49030471e-01 8.49030471e-01
 8.49722992e-01 8.49722992e-01 8.50415512e-01 8.50415512e-01
 8.52493075e-01 8.52493075e-01 8.54570637e-01 8.54570637e-01
 8.55263158e-01 8.55263158e-01 8.56648199e-01 8.56648199e-01
 8.60110803e-01 8.60110803e-01 8.60803324e-01 8.60803324e-01
 8.61495845e-01 8.61495845e-01 8.62880886e-01 8.62880886e-01
 8.64958449e-01 8.64958449e-01 8.65650970e-01 8.65650970e-01
 8.66343490e-01 8.66343490e-01 8.67036011e-01 8.67036011e-01
 8.67728532e-01 8.67728532e-01 8.68421053e-01 8.68421053e-01
 8.69806094e-01 8.69806094e-01 8.70498615e-01 8.70498615e-01
 8.71191136e-01 8.71191136e-01 8.72576177e-01 8.72576177e-01
 8.73268698e-01 8.73268698e-01 8.73961219e-01 8.73961219e-01
 8.74653740e-01 8.74653740e-01 8.75346260e-01 8.75346260e-01
 8.76038781e-01 8.76038781e-01 8.76731302e-01 8.76731302e-01
 8.77423823e-01 8.77423823e-01 8.78116343e-01 8.78116343e-01
 8.78808864e-01 8.78808864e-01 8.79501385e-01 8.79501385e-01
 8.80193906e-01 8.80193906e-01 8.80886427e-01 8.80886427e-01
 8.81578947e-01 8.81578947e-01 8.82271468e-01 8.82271468e-01
 8.82963989e-01 8.82963989e-01 8.83656510e-01 8.83656510e-01
 8.85041551e-01 8.85041551e-01 8.85734072e-01 8.85734072e-01
 8.86426593e-01 8.86426593e-01 8.87119114e-01 8.87119114e-01
 8.87811634e-01 8.87811634e-01 8.88504155e-01 8.88504155e-01
 8.89889197e-01 8.89889197e-01 8.90581717e-01 8.90581717e-01
 8.91274238e-01 8.91274238e-01 8.93351801e-01 8.93351801e-01
 8.94044321e-01 8.94044321e-01 8.94736842e-01 8.94736842e-01
 8.95429363e-01 8.95429363e-01 8.96121884e-01 8.96121884e-01
 8.96814404e-01 8.96814404e-01 8.97506925e-01 8.97506925e-01
 9.00969529e-01 9.00969529e-01 9.01662050e-01 9.01662050e-01
 9.02354571e-01 9.02354571e-01 9.03739612e-01 9.03739612e-01
 9.04432133e-01 9.04432133e-01 9.05817175e-01 9.05817175e-01
 9.06509695e-01 9.06509695e-01 9.07894737e-01 9.07894737e-01
 9.09279778e-01 9.09279778e-01 9.10664820e-01 9.10664820e-01
 9.12049861e-01 9.12049861e-01 9.12742382e-01 9.12742382e-01
 9.13434903e-01 9.13434903e-01 9.14127424e-01 9.14127424e-01
 9.14819945e-01 9.14819945e-01 9.15512465e-01 9.15512465e-01
 9.16897507e-01 9.16897507e-01 9.17590028e-01 9.17590028e-01
 9.18282548e-01 9.18282548e-01 9.18975069e-01 9.18975069e-01
 9.19667590e-01 9.19667590e-01 9.20360111e-01 9.20360111e-01
 9.21052632e-01 9.21052632e-01 9.22437673e-01 9.22437673e-01
 9.23822715e-01 9.23822715e-01 9.24515235e-01 9.24515235e-01
 9.25207756e-01 9.25207756e-01 9.25900277e-01 9.25900277e-01
 9.26592798e-01 9.26592798e-01 9.27285319e-01 9.27285319e-01
 9.27977839e-01 9.27977839e-01 9.28670360e-01 9.28670360e-01
 9.29362881e-01 9.29362881e-01 9.30747922e-01 9.30747922e-01
 9.31440443e-01 9.31440443e-01 9.32132964e-01 9.32132964e-01
 9.32825485e-01 9.32825485e-01 9.33518006e-01 9.33518006e-01
 9.34903047e-01 9.34903047e-01 9.35595568e-01 9.35595568e-01
 9.36288089e-01 9.36288089e-01 9.37673130e-01 9.37673130e-01
 9.39058172e-01 9.39058172e-01 9.39750693e-01 9.39750693e-01
 9.40443213e-01 9.40443213e-01 9.41135734e-01 9.41135734e-01
 9.41828255e-01 9.41828255e-01 9.42520776e-01 9.42520776e-01
 9.43905817e-01 9.43905817e-01 9.44598338e-01 9.44598338e-01
 9.45290859e-01 9.45290859e-01 9.45983380e-01 9.45983380e-01
 9.46675900e-01 9.46675900e-01 9.47368421e-01 9.47368421e-01
 9.48060942e-01 9.48060942e-01 9.48753463e-01 9.48753463e-01
 9.49445983e-01 9.49445983e-01 9.50138504e-01 9.50138504e-01
 9.50831025e-01 9.50831025e-01 9.51523546e-01 9.51523546e-01
 9.52216066e-01 9.52216066e-01 9.53601108e-01 9.53601108e-01
 9.54293629e-01 9.54293629e-01 9.54986150e-01 9.54986150e-01
 9.55678670e-01 9.55678670e-01 9.56371191e-01 9.56371191e-01
 9.57063712e-01 9.57063712e-01 9.58448753e-01 9.58448753e-01
 9.59141274e-01 9.59141274e-01 9.59833795e-01 9.59833795e-01
 9.60526316e-01 9.60526316e-01 9.61218837e-01 9.61218837e-01
 9.61911357e-01 9.61911357e-01 9.62603878e-01 9.62603878e-01
 9.63296399e-01 9.63296399e-01 9.63988920e-01 9.63988920e-01
 9.64681440e-01 9.64681440e-01 9.65373961e-01 9.65373961e-01
 9.66759003e-01 9.66759003e-01 9.67451524e-01 9.67451524e-01
 9.68144044e-01 9.68144044e-01 9.68836565e-01 9.68836565e-01
 9.69529086e-01 9.69529086e-01 9.70221607e-01 9.70221607e-01
 9.70914127e-01 9.70914127e-01 9.71606648e-01 9.71606648e-01
 9.72299169e-01 9.72299169e-01 9.72991690e-01 9.72991690e-01
 9.73684211e-01 9.73684211e-01 9.74376731e-01 9.74376731e-01
 9.75069252e-01 9.75069252e-01 9.75761773e-01 9.75761773e-01
 9.76454294e-01 9.76454294e-01 9.77839335e-01 9.77839335e-01
 9.78531856e-01 9.78531856e-01 9.79224377e-01 9.79224377e-01
 9.79916898e-01 9.79916898e-01 9.80609418e-01 9.80609418e-01
 9.81301939e-01 9.81301939e-01 9.81994460e-01 9.81994460e-01
 9.83379501e-01 9.83379501e-01 9.84072022e-01 9.84072022e-01
 9.84764543e-01 9.84764543e-01 9.86149584e-01 9.86149584e-01
 9.87534626e-01 9.87534626e-01 9.88227147e-01 9.88227147e-01
 9.89612188e-01 9.89612188e-01 9.90304709e-01 9.90304709e-01
 9.90997230e-01 9.90997230e-01 9.91689751e-01 9.91689751e-01
 9.93074792e-01 9.93074792e-01 9.93767313e-01 9.93767313e-01
 9.94459834e-01 9.94459834e-01 9.95152355e-01 9.95152355e-01
 9.95844875e-01 9.95844875e-01 9.96537396e-01 9.96537396e-01
 9.97922438e-01 9.97922438e-01 9.98614958e-01 9.98614958e-01
 9.99307479e-01 9.99307479e-01 1.00000000e+00 1.00000000e+00]","[       inf 0.92474133 0.90215111 0.90213567 0.89343482 0.89337623
 0.88685358 0.88648319 0.88452065 0.88442403 0.86035419 0.86024183
 0.8522926  0.85225534 0.84792042 0.84764922 0.84477556 0.84474361
 0.84116691 0.84109366 0.8408131  0.8406229  0.83408427 0.83406872
 0.8306216  0.83000094 0.82870722 0.82855123 0.82749623 0.82738066
 0.82466012 0.8245554  0.82125002 0.82081831 0.81936473 0.81935024
 0.81768864 0.81759274 0.81682229 0.81672031 0.81463265 0.81434631
 0.81308973 0.81308752 0.81239974 0.8116703  0.80777377 0.80775481
 0.80679768 0.8065269  0.80457336 0.80444241 0.80435008 0.8042286
 0.80252898 0.80228013 0.80181122 0.80130911 0.79970503 0.79923344
 0.79129601 0.79077452 0.79036981 0.79027623 0.78853101 0.78836298
 0.78543013 0.78504854 0.78278488 0.78257406 0.78017306 0.77978885
 0.77812552 0.77783829 0.77134567 0.77116257 0.77029806 0.77015525
 0.7696805  0.7693947  0.76802284 0.76766574 0.76642346 0.76629359
 0.76624119 0.76618409 0.76439077 0.76410586 0.76359612 0.76357466
 0.76282418 0.76256025 0.76116186 0.76099408 0.75993156 0.7594108
 0.75905186 0.75874501 0.75841707 0.75807548 0.75746363 0.75743502
 0.75723332 0.75684583 0.75673479 0.75666142 0.75329024 0.75309408
 0.75152141 0.75149995 0.75112224 0.75101757 0.74829483 0.74829173
 0.74697763 0.74665189 0.74587232 0.74561733 0.7452113  0.74519002
 0.74473262 0.74469763 0.74352032 0.74350601 0.74141204 0.7414059
 0.73747462 0.73742253 0.73562258 0.73523152 0.73492444 0.73473221
 0.73449558 0.73447329 0.73283887 0.73262721 0.73252457 0.73249149
 0.7314629  0.73138505 0.7312057  0.73120075 0.73045272 0.73039013
 0.72925293 0.72892696 0.72890806 0.72880727 0.72880644 0.72880322
 0.72838771 0.72787797 0.72702014 0.7269538  0.72681111 0.72658777
 0.72517341 0.7246623  0.72370213 0.72365046 0.72321624 0.72299916
 0.72253269 0.72243387 0.72212452 0.72202879 0.7219395  0.72182226
 0.72022688 0.72021782 0.71914268 0.71894348 0.71847183 0.7179625
 0.71633464 0.71632904 0.71521944 0.71503079 0.713476   0.71312028
 0.71262789 0.71255893 0.71203405 0.71192217 0.71091473 0.7102899
 0.70999575 0.70999032 0.70959938 0.70957124 0.70937681 0.70907778
 0.70874584 0.70828867 0.70826977 0.70825839 0.70712894 0.70645922
 0.70358938 0.70329994 0.7031737  0.70301431 0.70278174 0.70242858
 0.70197487 0.701352   0.70052427 0.70003122 0.69958889 0.69928831
 0.69923913 0.69918984 0.69873297 0.69792128 0.6964283  0.69636691
 0.69597268 0.695436   0.69521254 0.69403821 0.6936509  0.69350386
 0.69287968 0.69262558 0.69126481 0.6910314  0.69100857 0.69097537
 0.6906653  0.69041544 0.68993795 0.68955237 0.68889904 0.68874443
 0.68699461 0.68626237 0.68547934 0.68525368 0.68380874 0.68361914
 0.6831798  0.6829558  0.68280464 0.68274379 0.681108   0.68107122
 0.68073708 0.68067783 0.68019164 0.67959082 0.67947835 0.6792922
 0.67781234 0.67768878 0.67764086 0.67727846 0.67665046 0.67663324
 0.6765992  0.67609525 0.67359918 0.67295796 0.67274576 0.67237252
 0.67206901 0.67177427 0.67118239 0.67093313 0.66783428 0.66772711
 0.66753829 0.66740328 0.66701347 0.66686177 0.66670251 0.6663698
 0.66632134 0.66554838 0.66377836 0.66339779 0.66334629 0.66304004
 0.66287243 0.66214824 0.66116911 0.66107547 0.66043723 0.65988404
 0.65907264 0.65885699 0.65826237 0.65815884 0.65783697 0.65779138
 0.65777731 0.65712613 0.65698087 0.65691537 0.65625197 0.65622437
 0.65611833 0.65605766 0.65569073 0.65509325 0.65498024 0.65433997
 0.65395743 0.65346497 0.65327483 0.65292531 0.65247548 0.65212953
 0.65180582 0.65118259 0.6508075  0.65037692 0.64992845 0.64992642
 0.64973557 0.6494931  0.64879018 0.64723575 0.64712822 0.64688033
 0.64281553 0.64277035 0.64182419 0.64169806 0.64100766 0.64084584
 0.63972026 0.6378417  0.63733369 0.63714433 0.63690937 0.63610595
 0.63598734 0.63589883 0.63519108 0.63475955 0.63466728 0.63449281
 0.63449103 0.63341528 0.63201249 0.63175917 0.63104916 0.63014179
 0.62943387 0.62883055 0.62749738 0.62738615 0.62722743 0.6262762
 0.62526989 0.62453437 0.62405843 0.62375438 0.62366414 0.62343091
 0.6232695  0.62318397 0.62261289 0.62236828 0.62215018 0.6219914
 0.6212588  0.61907399 0.61872411 0.61863226 0.61847675 0.61778194
 0.61723393 0.61656499 0.61499006 0.61448818 0.61374235 0.61370838
 0.61358213 0.61336476 0.61151779 0.61148095 0.61035526 0.6099658
 0.60893947 0.60876656 0.60519576 0.60502893 0.60367203 0.60351551
 0.6030578  0.6027596  0.60205895 0.59890884 0.59888875 0.59624833
 0.5958463  0.59531903 0.59501058 0.59482425 0.59386712 0.59327328
 0.5929811  0.59256905 0.5925076  0.59134966 0.59118879 0.59087688
 0.58845878 0.58756214 0.58747202 0.58684438 0.58610952 0.58598715
 0.58589053 0.58580154 0.58450365 0.58344066 0.58319217 0.58264923
 0.58258486 0.5816949  0.5815264  0.58034736 0.58024061 0.57975531
 0.57876033 0.57855558 0.57801753 0.57715625 0.57575911 0.57538986
 0.57419932 0.5734961  0.57302195 0.57270539 0.57235366 0.57015377
 0.5690394  0.5680595  0.56754309 0.56745845 0.56735885 0.56633937
 0.56561345 0.56392288 0.56246406 0.55873317 0.55746293 0.55418831
 0.55381769 0.55337948 0.55288357 0.54939204 0.54896671 0.54825926
 0.5472464  0.54692435 0.54653311 0.54516649 0.54406178 0.543347
 0.54333729 0.54064292 0.54046321 0.54022729 0.53917682 0.53877395
 0.53813213 0.53580719 0.5357936  0.53475368 0.53430384 0.53272116
 0.532498   0.53224826 0.5315606  0.53089547 0.52987164 0.52953595
 0.52952385 0.52898115 0.5289678  0.5277968  0.52648467 0.52606201
 0.52540517 0.52516842 0.52479678 0.52245486 0.52156603 0.52100378
 0.5186187  0.51718795 0.51710111 0.51210254 0.51088667 0.51032257
 0.50961864 0.5050959  0.50215489 0.501948   0.501894   0.49846253
 0.49803603 0.49593413 0.49564269 0.49524254 0.49512097 0.49488437
 0.49463943 0.49457085 0.49435937 0.49318969 0.49285263 0.49170619
 0.49139246 0.49078521 0.49042112 0.48948967 0.48858058 0.48731759
 0.48724201 0.48643914 0.4850938  0.48201671 0.48179999 0.47878662
 0.47834402 0.47683147 0.47654465 0.47511256 0.47399575 0.47362259
 0.47357476 0.47170085 0.47142363 0.47060683 0.47009984 0.46994972
 0.46961895 0.46746156 0.46719626 0.46623933 0.4643594  0.46378607
 0.46351376 0.46346885 0.4632954  0.46285361 0.46276051 0.46048746
 0.45941085 0.45891663 0.45868173 0.45657676 0.455643   0.45523459
 0.4552145  0.45426887 0.45422623 0.45257616 0.45253429 0.45004961
 0.44838887 0.44838744 0.44773141 0.4462086  0.44466391 0.44222963
 0.44115621 0.43699515 0.43696237 0.43690822 0.43654615 0.43461245
 0.43250173 0.43246311 0.43194711 0.42608672 0.42592555 0.42591068
 0.42490083 0.42466077 0.4216972  0.41876289 0.41640997 0.41554922
 0.41508108 0.41402513 0.41214103 0.4079642  0.40788415 0.40520641
 0.40382421 0.40288404 0.40158623 0.40114614 0.39900184 0.3980312
 0.39664099 0.39546311 0.39461911 0.39341393 0.39267448 0.38944703
 0.3893933  0.38837209 0.38834134 0.38648182 0.38639659 0.38451335
 0.38357383 0.38279641 0.38236159 0.38182899 0.38143012 0.37773141
 0.37769371 0.37761253 0.37755692 0.37417644 0.37387654 0.37009418
 0.3699441  0.36963403 0.36881214 0.36543036 0.36529386 0.36511463
 0.36449984 0.36267614 0.36150083 0.36116943 0.36082199 0.35615352
 0.35553023 0.35281059 0.3527742  0.35197821 0.35137916 0.34953356
 0.34910807 0.34845784 0.34733695 0.34349158 0.34312189 0.33950666
 0.33891076 0.33867434 0.33835986 0.33805546 0.33722815 0.33507141
 0.33420271 0.33229667 0.33215478 0.33099708 0.33059144 0.32984778
 0.32882646 0.32802495 0.32783785 0.32416004 0.32294795 0.32088622
 0.32047716 0.3189691  0.31870249 0.31761113 0.31752113 0.31435856
 0.31400803 0.31174409 0.31150556 0.31143692 0.31108642 0.30797786
 0.30777913 0.30718139 0.30641812 0.30601108 0.30580878 0.30255368
 0.30248407 0.30213496 0.30184504 0.30135936 0.30091354 0.29951766
 0.29863572 0.29625216 0.29614335 0.29398552 0.2938695  0.29049152
 0.29028016 0.28510737 0.28441265 0.28427458 0.28264618 0.27766436
 0.27658084 0.27616102 0.27553758 0.27546576 0.27505586 0.27380359
 0.27364367 0.27334827 0.27323106 0.26554021 0.26528928 0.2605817
 0.2600179  0.25600779 0.25582254 0.25443059 0.25416416 0.24715325
 0.24676943 0.24531358 0.24410824 0.24233206 0.24228048 0.23906939
 0.23871915 0.23738807 0.23724195 0.23475659 0.23446476 0.23018293
 0.2291992  0.22532354 0.22490236 0.22005242 0.21977095 0.21956463
 0.21941547 0.21698354 0.21611284 0.21274762 0.2121329  0.20991652
 0.20903175 0.20853083 0.2084066  0.19870074 0.1983739  0.19620372
 0.19615178 0.19509047 0.19502704 0.19280103 0.1927902  0.19268019
 0.19237694 0.19098903 0.19069482 0.19039573 0.19029252 0.1871836
 0.18664657 0.18406376 0.18387765 0.17969514 0.17857078 0.17355162
 0.17322572 0.17082047 0.17032656 0.17029803 0.17011595 0.16928858
 0.16920742 0.16699927 0.16691019 0.16101152 0.16070339 0.1589637
 0.15881237 0.15312013 0.15294741 0.15132347 0.15086399 0.14602183
 0.14559773 0.14037161 0.14016329 0.13524418 0.13446891 0.13328987
 0.13251673 0.12191318 0.12102558 0.11016051 0.10925596 0.10876911
 0.10854386 0.10418648 0.10376112 0.09957137 0.09911777 0.09589776
 0.09557172 0.09117483 0.09075868 0.08616023 0.08609353 0.08312041
 0.08292048 0.07577139 0.07468559 0.07396232 0.07396088 0.06923253
 0.06888416 0.06520438 0.064256   0.05935042 0.05919618 0.05399276
 0.05310437 0.00883575]",[0.79861462 0.78547877 0.62749738 ... 0.65429664 0.74458981 0.24410824],[0.27900401 0.69262558 0.37667242 ... 0.05454038 0.65525764 0.1931233 ],0.0006925207756232687,0.9695290858725761,0.030470914127423865,0.8934348225593567,0.009002770083102494,0.78601108033241,0.21398891966759004,0.8274962306022644
