loss,backbone,split,n_genuine,n_impostor,auc,auc_ci95_low,auc_ci95_high,eer,eer_ci95_low,eer_ci95_high,d_prime,decidability,accuracy_at_eer,precision_at_eer,recall_at_eer,f1_at_eer,frr_at_far_1pct,gar_at_far_1pct,frr_at_far_0.1pct,gar_at_far_0.1pct,frr_at_far_0.01pct,gar_at_far_0.01pct,far_0.01pct_valid
bce,efficientnet_b0,iam_to_iam,479,479,0.9609267742033899,0.9475538373699557,0.9736627825889879,0.07620041753653448,0.058455114822546964,0.09394572025052193,3.4481497783452175,3.4481497783452175,0.9237995824634656,0.9246861924686193,0.9227557411273486,0.9237199582027167,1.0,0.0,1.0,0.0,,,False
bce,efficientnet_b0,iam_to_rimes,6429,6429,0.6309700142802046,0.6230052793666783,0.6395203366560098,0.39648467879919114,0.38839244050396643,0.4041861098149013,0.5456758554749447,0.5456758554749447,0.6035153212008089,0.5906552240839122,0.6744439259604915,0.6297748729121279,1.0,0.0,1.0,0.0,,,False
bce,efficientnet_b0,rimes_to_iam,3844,3844,0.6740970156607159,0.6619076483168764,0.6864100114196104,0.3340270551508845,0.3240081945889698,0.3450864984391259,0.38378417656098207,0.38378417656098207,0.6659729448491155,0.6659729448491155,0.6659729448491155,0.6659729448491155,1.0,0.0,1.0,0.0,,,False
bce,efficientnet_b0,rimes_to_rimes,1527,1527,0.8855267914924935,0.8744060630544974,0.8971385879319594,0.17026850032743945,0.15782580222658804,0.18238375900458415,1.7202726945155038,1.7202726945155038,0.8297314996725605,0.8297314996725605,0.8297314996725605,0.8297314996725604,0.885396201702685,0.114603798297315,0.9855926653569089,0.014407334643091027,,,False
bce,efficientnet_b1,iam_to_iam,479,479,0.9879751221446909,0.9823963459015608,0.9924557947359016,0.05114822546972861,0.0407098121085595,0.07098121085594988,4.413203763143857,4.413203763143857,0.9488517745302714,0.9516806722689075,0.9457202505219207,0.9486910994764397,0.2713987473903967,0.7286012526096033,0.7870563674321504,0.21294363256784968,,,False
bce,efficientnet_b1,iam_to_rimes,6429,6429,0.6553997539100476,0.646887838178618,0.6643501796221484,0.3757193964846788,0.3666180587960802,0.3831875097215741,0.550939342389532,0.550939342389532,0.6242806035153212,0.6242999377722465,0.6242028309223829,0.6242513805708951,0.9502255405195209,0.04977445948047908,0.9877119303157568,0.012288069684243272,,,False
bce,efficientnet_b1,rimes_to_iam,3844,3844,0.7752766315005288,0.7674894287054652,0.7830499785264764,0.2281477627471384,0.22008324661810613,0.23595538501560873,1.2675969152077409,1.2675969152077409,0.7718522372528616,0.6911818514452982,0.9828303850156087,0.8116004296455425,1.0,0.0,1.0,0.0,,,False
bce,efficientnet_b1,rimes_to_rimes,1527,1527,0.4681455263454716,0.4469512055217395,0.4885303566580851,0.527177472167649,0.5081777996070727,0.5455222658808121,-0.0975926425525429,0.0975926425525429,0.472822527832351,0.472822527832351,0.472822527832351,0.472822527832351,1.0,0.0,1.0,0.0,,,False
bce,mobilenet_v3_large,iam_to_iam,479,479,0.9515866824150871,0.9385823588634987,0.9640615670259457,0.1137787056367432,0.09185803757828812,0.13465553235908143,2.302574428431625,2.302574428431625,0.8862212943632568,0.8870292887029289,0.8851774530271399,0.8861024033437828,0.5929018789144049,0.407098121085595,1.0,0.0,,,False
bce,mobilenet_v3_large,iam_to_rimes,6429,6429,0.5275975362552263,0.5185958679127411,0.5355837112544237,0.47783481101259917,0.4701333799968891,0.4866250583294447,0.1413657501910126,0.1413657501910126,0.5221651889874008,0.5287820642294486,0.4072172966246695,0.4601054481546573,0.975268315445637,0.024731684554363042,0.995955825167211,0.004044174832788925,,,False
bce,mobilenet_v3_large,rimes_to_iam,3844,3844,0.8136173947316845,0.8041576612767873,0.8226332791498514,0.27055150884495316,0.26105293964620185,0.2812174817898023,1.1479781097617732,1.1479781097617732,0.7294484911550468,0.7294484911550468,0.7294484911550468,0.7294484911550468,0.8962018730489074,0.10379812695109261,0.972684703433923,0.027315296566077004,,,False
bce,mobilenet_v3_large,rimes_to_rimes,1527,1527,0.9169616194677855,0.9059842395921653,0.9270261788569769,0.14472822527832352,0.1316306483300589,0.1565160445317616,2.1595163890263094,2.1595163890263094,0.8552717747216765,0.8557377049180328,0.8546168958742633,0.8551769331585845,0.822527832351015,0.17747216764898494,0.9325474787164375,0.06745252128356254,,,False
bce,mobilenet_v3_small,iam_to_iam,479,479,0.9599940725502416,0.9478156693877728,0.9716732188231398,0.07933194154488521,0.06367432150313154,0.10127870563674318,2.781246265303002,2.781246265303002,0.9206680584551148,0.918918918918919,0.9227557411273486,0.9208333333333332,0.6179540709812108,0.38204592901878914,0.755741127348643,0.24425887265135698,,,False
bce,mobilenet_v3_small,iam_to_rimes,6429,6429,0.5162809646879041,0.5067711221906511,0.5259590368402083,0.49214496811323694,0.4837455280759061,0.5007835588738528,0.09925284006764222,0.09925284006764222,0.5078550318867631,0.5078550318867631,0.5078550318867631,0.5078550318867631,1.0,0.0,1.0,0.0,,,False
bce,mobilenet_v3_small,rimes_to_iam,3844,3844,0.5400215249572018,0.526052361695078,0.5535687466771194,0.5117065556711758,0.5002568938605618,0.5231562174817899,0.14649130607835686,0.14649130607835686,0.48829344432882416,0.48633879781420764,0.4167533818938606,0.4488652283552816,0.9789281997918835,0.021071800208116546,0.9973985431841832,0.0026014568158168575,,,False
bce,mobilenet_v3_small,rimes_to_rimes,1527,1527,0.5687161758506242,0.5494499682424502,0.5892136157332177,0.44564505566470203,0.42697282252783236,0.462671905697446,0.1816238424991406,0.1816238424991406,0.554354944335298,0.5543905635648755,0.5540275049115914,0.5542089747789061,1.0,0.0,1.0,0.0,,,False
bce,resnet18,iam_to_iam,479,479,0.9626962922930078,0.9498243012364834,0.9740440897659965,0.060542797494780795,0.04592901878914403,0.07620041753653443,3.74028811700406,3.74028811700406,0.9394572025052192,0.934020618556701,0.9457202505219207,0.9398340248962656,1.0,0.0,1.0,0.0,,,False
bce,resnet18,iam_to_rimes,6429,6429,0.7173133308369649,0.7086367411060102,0.7263017757821347,0.3416550007777259,0.3331758438326333,0.35013610203764195,0.8641080659243096,0.8641080659243096,0.6583449992222741,0.6583696328562539,0.6582672266293358,0.6583184257602862,0.9589360709286048,0.04106392907139524,0.9912894695909161,0.008710530409083839,,,False
bce,resnet18,rimes_to_iam,3844,3844,0.8875856978347,0.8796151292174189,0.8951270421503681,0.1817117585848075,0.17168639438085326,0.19042989073881375,1.95510116684378,1.95510116684378,0.8182882414151925,0.8182054616384915,0.8184183142559833,0.8183118741058655,0.8842351716961498,0.11576482830385015,0.9672216441207075,0.032778355879292405,,,False
bce,resnet18,rimes_to_rimes,1527,1527,0.82112865603164,0.8069398662966408,0.8351070546791672,0.24426981008513426,0.23050916830386375,0.25999508840864444,1.3453798271082127,1.3453798271082127,0.7557301899148657,0.7557301899148657,0.7557301899148657,0.7557301899148657,0.9436804191224624,0.056319580877537655,0.9869024230517355,0.01309757694826457,,,False
bce,resnet34,iam_to_iam,479,479,0.9102710500738752,0.8903902855200247,0.9283310851155636,0.1597077244258873,0.13674321503131526,0.18478601252609597,1.9304479996756054,1.9304479996756054,0.8402922755741128,0.8410041841004184,0.8392484342379958,0.8401253918495298,1.0,0.0,1.0,0.0,,,False
bce,resnet34,iam_to_rimes,6429,6429,0.678566308883706,0.6719262049023904,0.6853951254185586,0.3289002955358532,0.3219007621714108,0.33574817234406595,0.7923670006866131,0.7923670006866131,0.6710997044641468,0.6182033096926713,0.8948514543474879,0.7312360978709882,1.0,0.0,1.0,0.0,,,False
bce,resnet34,rimes_to_iam,3844,3844,0.5980759032550423,0.5851413452563613,0.6110338356206844,0.445369406867846,0.43390998959417276,0.4564321019771072,0.4940573363257275,0.4940573363257275,0.554630593132154,0.554630593132154,0.554630593132154,0.554630593132154,1.0,0.0,1.0,0.0,,,False
bce,resnet34,rimes_to_rimes,1527,1527,0.7443888204847132,0.7288156503178542,0.7608914833155996,0.32056319580877535,0.3051735428945645,0.3372626064178127,0.8909147365174391,0.8909147365174391,0.6794368041912247,0.6851351351351351,0.6640471512770137,0.6744263385433986,0.9580877537655533,0.04191224623444663,0.9960707269155207,0.003929273084479371,,,False
contrastive,efficientnet_b0,iam_to_iam,479,479,0.9907906607798955,0.9862741401929036,0.9945389010682484,0.04175365344467641,0.03131524008350729,0.05845511482254695,3.906536891873566,3.906536891873566,0.9582463465553236,0.9582463465553236,0.9582463465553236,0.9582463465553236,0.20459290187891443,0.7954070981210856,0.44050104384133615,0.5594989561586639,,,False
contrastive,efficientnet_b0,iam_to_rimes,6429,6429,0.7559693338153806,0.7469796800622548,0.7646121485991946,0.30844610359309377,0.2995022554051952,0.31661222585160986,0.8806860140243506,0.8806860140243506,0.6915538964069062,0.6914943243663505,0.6917094415927827,0.6916018662519441,0.861720329755794,0.13827967024420595,0.9751127702597605,0.02488722974023954,,,False
contrastive,efficientnet_b0,rimes_to_iam,3844,3844,0.9669916818350638,0.9634026104306236,0.9703453802755975,0.08181581685744016,0.07622268470343393,0.08845278355879291,2.3629313011342274,2.3629313011342274,0.9181841831425598,0.918075422626788,0.9183142559833507,0.9181948237742229,0.3735691987513007,0.6264308012486993,0.8696670135275755,0.13033298647242456,,,False
contrastive,efficientnet_b0,rimes_to_rimes,1527,1527,0.9238890968890467,0.9133733487039016,0.9333905869850228,0.13588736083824493,0.1218074656188605,0.14702848722986245,2.0810537464358716,2.0810537464358716,0.8641126391617551,0.8638743455497382,0.8644400785854617,0.8641571194762683,0.5265225933202358,0.47347740667976423,0.8716437459070072,0.12835625409299278,,,False
contrastive,efficientnet_b1,iam_to_iam,479,479,0.9875349218317564,0.9809919543586368,0.9926015838494427,0.04592901878914403,0.03442066805845509,0.06263048016701464,3.41494604173639,3.41494604173639,0.954070981210856,0.954070981210856,0.954070981210856,0.954070981210856,0.1899791231732777,0.8100208768267223,0.4279749478079332,0.5720250521920668,,,False
contrastive,efficientnet_b1,iam_to_rimes,6429,6429,0.7723321357394377,0.7642694132864137,0.7802388584560825,0.29561362575828276,0.2879919116503344,0.3036280914605693,0.9263109828977059,0.9263109828977059,0.7043863742417172,0.7044181705040448,0.704308601648779,0.7043633818153535,0.8414994555918495,0.15850054440815056,0.9544252605381863,0.04557473946181366,,,False
contrastive,efficientnet_b1,rimes_to_iam,3844,3844,0.9538831886335016,0.9496630084751727,0.9583662248882268,0.1190166493236212,0.11146917273673256,0.12669094693028093,2.2115931768154864,2.2115931768154864,0.8809833506763788,0.8810824876398647,0.880853277835588,0.880967867828802,0.6004162330905307,0.3995837669094693,0.8818938605619147,0.11810613943808533,,,False
contrastive,efficientnet_b1,rimes_to_rimes,1527,1527,0.9320109669691461,0.9223093464120401,0.9408813910192823,0.12737393582187295,0.11525867714472823,0.13883431565160442,2.119666787267159,2.119666787267159,0.872626064178127,0.8723821989528796,0.8729535036018337,0.8726677577741406,0.4963981663392273,0.5036018336607727,0.7066142763588736,0.2933857236411264,,,False
contrastive,mobilenet_v3_large,iam_to_iam,479,479,0.9953975095994176,0.9924059997995128,0.9975463190972843,0.03131524008350729,0.02293841336116909,0.04488517745302713,4.171890406906942,4.171890406906942,0.9686847599164927,0.9686847599164927,0.9686847599164927,0.9686847599164927,0.12526096033402923,0.8747390396659708,0.2755741127348643,0.7244258872651357,,,False
contrastive,mobilenet_v3_large,iam_to_rimes,6429,6429,0.696493708113761,0.687177881259239,0.7048811792284827,0.352932026753772,0.3453861409239384,0.36117786592004975,0.5844636349261493,0.5844636349261493,0.647067973246228,0.647067973246228,0.647067973246228,0.647067973246228,0.9040286203142013,0.09597137968579872,0.9810234873230673,0.01897651267693265,,,False
contrastive,mobilenet_v3_large,rimes_to_iam,3844,3844,0.9652491659637408,0.9615222593070433,0.9690326817148716,0.09755463059313217,0.09026729968782518,0.10418834547346514,1.8880180742280117,1.8880180742280117,0.9024453694068678,0.9024453694068678,0.9024453694068678,0.9024453694068678,0.5785639958376692,0.4214360041623309,0.8327263267429761,0.16727367325702394,,,False
contrastive,mobilenet_v3_large,rimes_to_rimes,1527,1527,0.925097213269638,0.9149017102759368,0.9342947765370676,0.13326784544859205,0.12115258677144727,0.14603798297314996,2.074428217232214,2.074428217232214,0.866732154551408,0.8664921465968587,0.8670595939751146,0.8667757774140752,0.4420432220039293,0.5579567779960707,0.6994106090373281,0.3005893909626719,,,False
contrastive,mobilenet_v3_small,iam_to_iam,479,479,0.9919848675694405,0.988675737989287,0.9949706024642502,0.05427974947807933,0.03757828810020879,0.06784968684759918,3.6146779480897395,3.6146779480897395,0.9457202505219207,0.9475890985324947,0.9436325678496869,0.9456066945606695,0.13361169102296455,0.8663883089770354,0.24217118997912312,0.7578288100208769,,,False
contrastive,mobilenet_v3_small,iam_to_rimes,6429,6429,0.7018065113213258,0.6937104125223335,0.7105907415145553,0.35083216674443923,0.3428196453569762,0.3589982890029554,0.6247729761705364,0.6247729761705364,0.6491678332555607,0.6491910392034848,0.6490900606626225,0.6491405460060669,0.89298491211697,0.10701508788303002,0.9847565717841033,0.015243428215896719,,,False
contrastive,mobilenet_v3_small,rimes_to_iam,3844,3844,0.9388515867533063,0.9340622685488473,0.9439128067675233,0.13969823100936526,0.13163046305931325,0.1472424557752341,2.0525389695930167,2.0525389695930167,0.8603017689906347,0.8603017689906347,0.8603017689906347,0.8603017689906347,0.6173257023933403,0.3826742976066597,0.8472944849115505,0.15270551508844954,,,False
contrastive,mobilenet_v3_small,rimes_to_rimes,1527,1527,0.9164452644368192,0.9056329873668851,0.9261882920356524,0.14505566470203013,0.13195808775376552,0.1575065487884741,1.9625548522896104,1.9625548522896104,0.8549443352979699,0.8547120418848168,0.8552717747216765,0.8549918166939442,0.5173542894564506,0.48264571054354943,0.8028814669286182,0.1971185330713818,,,False
contrastive,resnet18,iam_to_iam,479,479,0.9900889553305643,0.9853509181009495,0.9942775048923254,0.052192066805845524,0.036534446764091885,0.06680584551148226,3.6203017718483355,3.6203017718483355,0.9478079331941545,0.9478079331941545,0.9478079331941545,0.9478079331941545,0.2588726513569938,0.7411273486430062,0.44258872651356995,0.55741127348643,,,False
contrastive,resnet18,iam_to_rimes,6429,6429,0.7640630425194825,0.7555946236117398,0.7722223507544667,0.3041686109814901,0.2955319645356977,0.31225890496189146,0.8808449773544645,0.8808449773544645,0.6958313890185098,0.695800933125972,0.6959091616114481,0.6958550431604323,0.8803857520609737,0.11961424793902628,0.9793124902784259,0.020687509721574116,,,False
contrastive,resnet18,rimes_to_iam,3844,3844,0.94336319233672,0.9379278800915192,0.9481955675615391,0.13384495317377731,0.1251300728407908,0.14165257544224766,2.056285919202941,2.056285919202941,0.8661550468262227,0.8662503252667187,0.8660249739854319,0.866137634968128,0.6605098855359002,0.3394901144640999,0.9203954214360042,0.07960457856399583,,,False
contrastive,resnet18,rimes_to_rimes,1527,1527,0.9340124860135977,0.9235045860818304,0.9430906100151433,0.11525867714472823,0.10476424361493127,0.12836444007858544,2.2606149904361446,2.2606149904361446,0.8847413228552717,0.8847413228552717,0.8847413228552717,0.8847413228552717,0.46103470857891293,0.5389652914210871,0.885396201702685,0.114603798297315,,,False
contrastive,resnet34,iam_to_iam,479,479,0.9850593398738674,0.9794145335837972,0.9899907819439419,0.06889352818371608,0.050104384133611714,0.08246346555323592,3.11737911272913,3.11737911272913,0.9311064718162839,0.9311064718162839,0.9311064718162839,0.9311064718162839,0.22338204592901878,0.7766179540709812,0.267223382045929,0.732776617954071,,,False
contrastive,resnet34,iam_to_rimes,6429,6429,0.735882943694941,0.727509166556764,0.7449236973320528,0.32190076217141084,0.31279748016798886,0.3292113859076061,0.7447821086819771,0.7447821086819771,0.6780992378285892,0.6780715396578538,0.6781770104215274,0.6781242709386422,0.8181676777103748,0.18183232228962515,0.9626691553896407,0.03733084461035931,,,False
contrastive,resnet34,rimes_to_iam,3844,3844,0.9319232792215877,0.9262111062241681,0.9374973691042219,0.12851196670135273,0.1197970863683663,0.1363163371488033,2.2006614781718867,2.2006614781718867,0.8714880332986472,0.8716814159292036,0.8712278876170656,0.8714545927660683,0.787200832466181,0.21279916753381894,0.9347034339229969,0.06529656607700313,,,False
contrastive,resnet34,rimes_to_rimes,1527,1527,0.9309756837093845,0.9208911498720478,0.9406083425646806,0.11722331368696792,0.1047806155861166,0.12835625409299278,2.2396108014465947,2.2396108014465947,0.8827766863130321,0.882275997383911,0.8834315651604453,0.8828534031413613,0.527177472167649,0.472822527832351,0.925343811394892,0.07465618860510806,,,False
triplet,efficientnet_b0,iam_to_iam,479,479,0.924712671231384,0.9092447513739915,0.9397466015228316,0.16388308977035493,0.13984864300626304,0.18687369519832986,1.7735410586191722,1.7735410586191722,0.8361169102296451,0.8354166666666667,0.837160751565762,0.8362877997914494,0.6534446764091858,0.3465553235908142,0.7766179540709812,0.22338204592901878,,,False
triplet,efficientnet_b0,iam_to_rimes,6429,6429,0.6830605824667599,0.6743236757289581,0.691908370493971,0.3667755482967802,0.35860748172344065,0.3754083061129258,0.6003310958666699,0.6003310958666699,0.6332244517032198,0.6333073929961089,0.6329133613314668,0.6331103158549868,0.9181832322289625,0.08181676777103748,0.9870897495722507,0.012910250427749261,,,False
triplet,efficientnet_b0,rimes_to_iam,3844,3844,0.9049761388750228,0.8983962989877871,0.9118043065615183,0.16558272632674298,0.15660770031217486,0.17403746097814776,1.5005945380944374,1.5005945380944374,0.834417273673257,0.834504293520687,0.8342872008324662,0.8343957330558085,0.7167013527575442,0.2832986472424558,0.9505723204994797,0.049427679500520294,,,False
triplet,efficientnet_b0,rimes_to_rimes,1527,1527,0.8914123382262689,0.8801500517427198,0.902312297012217,0.18533071381794367,0.1715782580222659,0.1994106090373281,1.7611708636142094,1.7611708636142094,0.8146692861820564,0.8142576847612819,0.8153241650294696,0.8147905759162305,0.8231827111984282,0.17681728880157171,0.9443352979698756,0.05566470203012443,,,False
triplet,efficientnet_b1,iam_to_iam,479,479,0.9463827302007923,0.9317643751552688,0.9595315353402399,0.12212943632567852,0.10229645093945719,0.1524008350730689,2.079166411587868,2.079166411587868,0.8778705636743215,0.8770833333333333,0.8789144050104384,0.8779979144942648,0.5866388308977035,0.4133611691022965,0.791231732776618,0.20876826722338204,,,False
triplet,efficientnet_b1,iam_to_rimes,6429,6429,0.7383484643306146,0.7293509196049622,0.7461639965952807,0.3251672110748173,0.3177788147456836,0.33357248405661843,0.8734971499451333,0.8734971499451333,0.6748327889251827,0.674805598755832,0.674910561518121,0.6748580760556808,0.9086949758904962,0.09130502410950381,0.9830455747394619,0.016954425260538187,,,False
triplet,efficientnet_b1,rimes_to_iam,3844,3844,0.9442868989985068,0.9395295745169846,0.9490811236966998,0.127471383975026,0.11979708636836627,0.13449531737773154,1.8869192635104342,1.8869192635104342,0.872528616024974,0.872528616024974,0.872528616024974,0.8725286160249741,0.6006763787721123,0.3993236212278876,0.831945889698231,0.16805411030176898,,,False
triplet,efficientnet_b1,rimes_to_rimes,1527,1527,0.8948267573118488,0.8834505746594051,0.9057439779665647,0.18140144073346431,0.168958742632613,0.19548133595284875,1.6271186145698084,1.6271186145698084,0.8185985592665357,0.8185985592665357,0.8185985592665357,0.8185985592665357,0.8369351669941061,0.16306483300589392,0.9351669941060904,0.06483300589390963,,,False
triplet,mobilenet_v3_large,iam_to_iam,479,479,0.8714789422988916,0.8487854176019107,0.8924356370483043,0.21503131524008348,0.1910229645093946,0.2432150313152401,1.5049389366720547,1.5049389366720547,0.7849686847599165,0.7849686847599165,0.7849686847599165,0.7849686847599167,0.7390396659707724,0.2609603340292276,0.8434237995824635,0.15657620041753653,,,False
triplet,mobilenet_v3_large,iam_to_rimes,6429,6429,0.6664318972295609,0.6574489900583423,0.6749510697403015,0.3820189765126769,0.37377313734639905,0.38964069062062534,0.5274675901526507,0.5274675901526507,0.6179810234873231,0.6179810234873231,0.6179810234873231,0.6179810234873231,0.9533364442370509,0.04666355576294914,0.9965780059107171,0.0034219940892829368,,,False
triplet,mobilenet_v3_large,rimes_to_iam,3844,3844,0.8065434827686648,0.7964952162362848,0.8163099448334148,0.2609261186264308,0.2515608740894901,0.2713319458896982,0.9493213071286931,0.9493213071286931,0.7390738813735692,0.7390738813735692,0.7390738813735692,0.7390738813735692,0.7947450572320499,0.20525494276795006,0.9406867845993756,0.05931321540062435,,,False
triplet,mobilenet_v3_large,rimes_to_rimes,1527,1527,0.8615156392531036,0.8475303948271863,0.8742348596256255,0.20104780615586115,0.18761460379829734,0.21611001964636545,1.576594516999383,1.576594516999383,0.7989521938441388,0.7989521938441388,0.7989521938441388,0.7989521938441388,0.9201047806155861,0.07989521938441388,0.9574328749181401,0.042567125081859856,,,False
triplet,mobilenet_v3_small,iam_to_iam,479,479,0.9142524657755152,0.8950552647521584,0.9301134060608174,0.1607515657620042,0.13778705636743216,0.1889352818371608,1.7150675575152172,1.7150675575152172,0.8392484342379958,0.8392484342379958,0.8392484342379958,0.8392484342379958,0.7035490605427974,0.2964509394572025,0.7620041753653445,0.23799582463465555,,,False
triplet,mobilenet_v3_small,iam_to_rimes,6429,6429,0.6569854486498743,0.6481831407744902,0.666179030452428,0.3834188831855654,0.37470640846165804,0.391740550629958,0.41987367960784483,0.41987367960784483,0.6165811168144346,0.6165811168144346,0.6165811168144346,0.6165811168144346,0.9287603048685643,0.07123969513143569,0.9811790325089439,0.01882096749105615,,,False
triplet,mobilenet_v3_small,rimes_to_iam,3844,3844,0.8526377581018731,0.843767539869153,0.8609461675749657,0.21370967741935487,0.20395421436004163,0.22255463059313216,1.1539645541852013,1.1539645541852013,0.7862903225806451,0.7865139286644103,0.7859001040582726,0.786206896551724,0.9177939646201874,0.08220603537981269,0.9654006243496358,0.0345993756503642,,,False
triplet,mobilenet_v3_small,rimes_to_rimes,1527,1527,0.8969700166700332,0.8849956512956694,0.9069315945377873,0.1751800916830386,0.16110019646365425,0.1886132940406025,1.790685773745036,1.790685773745036,0.8248199083169614,0.8250327653997379,0.8244924688932548,0.8247625286603342,0.6869679109364768,0.31303208906352326,0.8906352324819908,0.10936476751800916,,,False
triplet,resnet18,iam_to_iam,479,479,0.9473415823675804,0.9341705492915391,0.9601424767151467,0.11691022964509393,0.09600730688935283,0.13676931106471815,1.9802823300607069,1.9802823300607069,0.8830897703549061,0.8830897703549061,0.8830897703549061,0.8830897703549061,0.6931106471816284,0.3068893528183716,0.8162839248434238,0.1837160751565762,,,False
triplet,resnet18,iam_to_rimes,6429,6429,0.7203250983903746,0.7120759914807981,0.7288047431531387,0.33893296002488726,0.3301427127080417,0.3466324467257738,0.6495434903146434,0.6495434903146434,0.6610670399751127,0.6610670399751127,0.6610670399751127,0.6610670399751127,0.9132057862809146,0.0867942137190854,0.9860009332711153,0.013999066728884742,,,False
triplet,resnet18,rimes_to_iam,3844,3844,0.8522025690265842,0.8436561201640245,0.8600823632800445,0.22554630593132152,0.21734521331945886,0.23621553069719045,1.06271506727599,1.06271506727599,0.7744536940686785,0.7744536940686785,0.7744536940686785,0.7744536940686785,0.7671696149843913,0.23283038501560874,0.9344432882414152,0.06555671175858481,,,False
triplet,resnet18,rimes_to_rimes,1527,1527,0.8817315391282607,0.8696990302046251,0.8933441557745347,0.18762278978389002,0.17418958742632612,0.20039292730844793,1.6058819604180072,1.6058819604180072,0.81237721021611,0.81217277486911,0.8127046496398166,0.8124386252045827,0.7891290111329404,0.2108709888670596,0.9161755075311068,0.08382449246889326,,,False
triplet,resnet34,iam_to_iam,479,479,0.9380755837012565,0.9230506971291095,0.951563037992338,0.14196242171189977,0.12004175365344469,0.16390918580375782,1.9618655011775281,1.9618655011775281,0.8580375782881002,0.8580375782881002,0.8580375782881002,0.8580375782881002,0.674321503131524,0.325678496868476,0.8810020876826722,0.11899791231732777,,,False
triplet,resnet34,iam_to_rimes,6429,6429,0.7264126274335206,0.7179808940477921,0.7351459573457793,0.33644423705086324,0.3285892051641002,0.34445870275314977,0.7776854155569981,0.7776854155569981,0.6635557629491368,0.6635557629491368,0.6635557629491368,0.6635557629491368,0.9533364442370509,0.04666355576294914,0.9947114636801991,0.005288536319800902,,,False
triplet,resnet34,rimes_to_iam,3844,3844,0.8531338892131309,0.8449550593936143,0.8613070901000086,0.23074921956295524,0.22086368366285122,0.23985757023933404,1.3320009333617897,1.3320009333617897,0.7692507804370448,0.7692507804370448,0.7692507804370448,0.7692507804370448,0.8498959417273673,0.15010405827263268,0.923777315296566,0.07622268470343392,,,False
triplet,resnet34,rimes_to_rimes,1527,1527,0.9004305388833781,0.8895284679308788,0.9111167935896496,0.16863130320890637,0.15422396856581533,0.18172888015717092,1.785727586782115,1.785727586782115,0.8313686967910936,0.8315858453473133,0.831041257367387,0.831313462168359,0.7871643745907007,0.2128356254092993,0.9364767518009168,0.06352324819908317,,,False
