group,pair,label,side,mode,score,auc_occlusion,auc_gradcam,auc_random,frac_to_flip_occ,frac_to_flip_cam,top10_concentration,max_delta,ink_mass,ink_area
false_accepts,batch_3904.png|batch_4946.png,impostor,a,deletion,0.921720564365387,0.4156044760376823,0.4777146732928802,0.4389359764564707,0.28061224489795916,0.4387755102040816,0.2689388394355774,0.028197452425956726,0.506051242351532,0.44241768973214285
false_accepts,batch_3904.png|batch_4946.png,impostor,a,insertion,0.921720564365387,0.8282430993050947,0.7357642017494963,0.4961175691260368,,,,,,
false_accepts,batch_3904.png|batch_4946.png,impostor,b,deletion,0.921720564365387,0.5448659419709322,0.2837586364689834,0.4922560453129818,0.6377551020408163,0.32142857142857145,0.45252978801727295,0.013207599520683289,0.5171113610267639,0.416812818877551
false_accepts,batch_3904.png|batch_4946.png,impostor,b,insertion,0.921720564365387,0.5779643790150176,0.749493211203692,0.44397242709386103,,,,,,
false_accepts,batch_979.png|batch_1415.png,impostor,a,deletion,0.8740329742431641,0.27650823778643896,0.2880745993128845,0.3892529694249435,0.28061224489795916,0.28061224489795916,0.38691189885139465,0.02260415256023407,0.5301198363304138,0.3877551020408163
false_accepts,batch_979.png|batch_1415.png,impostor,a,insertion,0.8740329742431641,0.8259940317698887,0.7617257345391779,0.3862369870957063,,,,,,
false_accepts,batch_979.png|batch_1415.png,impostor,b,deletion,0.8740329742431641,0.4815514834255588,0.5340074808621893,0.42527419397113275,0.5612244897959183,0.6020408163265306,0.4603867530822754,0.017282605171203613,0.4945230484008789,0.4533741230867347
false_accepts,batch_979.png|batch_1415.png,impostor,b,insertion,0.8740329742431641,0.6456588754544453,0.5727264313217328,0.38029400698308435,,,,,,
false_rejects,batch_5620.png|batch_5616.png,genuine,a,deletion,0.5150668621063232,0.25020700198959334,0.25694141415308935,0.3712682967283288,,,0.9090394377708435,0.06203783303499222,0.5770100951194763,0.06669025031887756
false_rejects,batch_5620.png|batch_5616.png,genuine,a,insertion,0.5150668621063232,0.5095172214264773,0.5022907895701272,0.4085627719759941,,,,,,
false_rejects,batch_5620.png|batch_5616.png,genuine,b,deletion,0.5150668621063232,0.23412145461354938,0.3025434345615154,0.3595974320659832,1.0,1.0,0.3097494840621948,0.05795711278915405,0.43593963980674744,0.32901187818877553
false_rejects,batch_5620.png|batch_5616.png,genuine,b,insertion,0.5150668621063232,0.5889748997834264,0.524419940095775,0.34427983359414704,,,,,,
false_rejects,batch_5001.png|batch_4995.png,genuine,a,deletion,0.6522716283798218,0.11367948896878835,0.1102391743310252,0.24085176355984747,0.04081632653061224,0.04081632653061224,0.7130979895591736,0.17298942804336548,0.5247135162353516,0.08151307397959184
false_rejects,batch_5001.png|batch_4995.png,genuine,a,insertion,0.6522716283798218,0.6116699856154773,0.6121087436165127,0.27636699416503613,,,,,,
false_rejects,batch_5001.png|batch_4995.png,genuine,b,deletion,0.6522716283798218,0.41478561609983444,0.4298267355378793,0.43649710851664447,0.08163265306122448,0.08163265306122448,0.4685690701007843,0.04753631353378296,0.4671104848384857,0.3644471460459184
false_rejects,batch_5001.png|batch_4995.png,genuine,b,insertion,0.6522716283798218,0.8171955170680065,0.7104547519464881,0.4759171193047445,,,,,,
